Assessing games mechanics with a min rating of: 0.1 and a max rating of: 7.0,,
Printing popularity of game mechanics: (only mechanics with 1000+) are counted,,
Hand Management,588515,
Dice Rolling,411088,
Set Collection,291785,
Card Drafting,198273,
Tile Placement,175074,
Area Control / Area Influence,171459,
Simultaneous Action Selection,148794,
Modular Board,146497,
Partnerships,140679,
Auction/Bidding,126539,
Variable Player Powers,121571,
Player Elimination,115100,
Area Movement,101114,
Route/Network Building,97459,
Take That,92674,
Grid Movement,90696,
Admin: Better Description Needed!,82038,
Point to Point Movement,81701,
Memory,77206,
Press Your Luck,73684,
Area Enclosure,68559,
Action Point Allowance System,67287,
Roll / Spin and Move,59223,
Trading,57214,
Pick-up and Deliver,54428,
Pattern Building,54140,
Co-operative Play,50164,
Betting/Wagering,44093,
Role Playing,40925,
Pattern Recognition,40405,
Paper-and-Pencil,39756,
Carcassonne,33119,
Crowdfunding: Kickstarter,32791,
Secret Unit Deployment,32551,
Voting,31403,
Action / Movement Programming,29649,
Yahtzee,28138,
Clue,27707,
Sorry,26864,
Family Game Night Book and Game Set: Scrabble,26864,
Carcassonne: 10 Year Special Edition,25595,
Hex-and-Counter,25417,
Scrabble and Yahtzee,23287,
Commodity Speculation,21672,
Trick-taking,20190,
Deck / Pool Building,20179,
Carcassonne Big Box 4,19554,
Storytelling,18813,
Campaign / Battle Card Driven,18744,
Worker Placement,18233,
Simulation,18040,
Carcassonne: Wheel of Fortune,17146,
Stock Holding,16893,
Solitaire Games,16664,
Game Spice: Monopoly Expansion,16147,
Beyond Boardwalk and Park Place,16147,
Bance!,16147,
Entrepreneur's Accessory to Monopoly,16147,
3D Games,15214,
Ancient Rome,15092,
Acting,14861,
Munchkin Promotional Bookmarks,14253,
Variable Phase Order,13692,
Munchkin Sparkly Good Fairy Shot Glass,13171,
Carcassonne Big Box,11351,
Munchkin Tavern Pint Glass,11242,
Fantasy Flight Silver Line Games,10780,
Animals: Dragons,10657,
UNO: England Rugby,10527,
UNO: Angry Birds,10527,
UNO Dare!,10527,
UNO: Disney Princess,10527,
Chit-Pull System,10342,
Tolkien Games,10272,
Promotional Board Games,10194,
Kosmos two-player series,9806,
Magazine: Strategy & Tactics,9745,
Catan,9668,
CCGs (Collectible Card Games),9642,
Country: Greece,9267,
A Game For Good Christians,9006,
Food / Cooking,8958,
Rummy Games,8914,
+6 Bag O' Munchkin Babes,8768,
Tube Games,8747,
Verkade spel,8559,
Hello Kitty,8366,
+10 Bag o' Munchkin d6,8314,
Miscellaneous Game Compilation,8086,
+6 Bag o' Munchkin Level Counters,8000,
Backgammon: Zombie Rush,7799,
Whamgammon,7799,
Rock-Paper-Scissors,7674,
Combinatorial,7665,
Line Drawing,7632,
Epic Munchkin,7628,
+6 Bag O' Munchkins,7297,
Asian Theme,7183,
Risk,7128,
BANG!,7086,
Mensa Select,7005,
The Book of Classic Board Games,6922,
Zombies!!!,6815,
The 15 Greatest Board Games in the World,6748,
Robots,6544,
Country: Italy,6505,
Polyominoes,6463,
Alea Medium Box,6431,
Animals: Dinosaurs,6420,
Card Games: Outplay Games,6302,
Star Wars,6264,
Mexican Hold'em Poker,6067,
Conquest of the Pacific,6039,
Jenga,5987,
Characters: Tarzan,5986,
Galaxy: The Dark Ages,5921,
Carcassonne Big Box 5,5900,
The Checkered Game of Life,5883,
Country: Japan,5843,
Animals: Pigs,5816,
Kosmos Literature Series,5667,
Pit: Tulip expansion,5549,
Country: India,5533,
Cribbage,5446,
Cthulhu Mythos,5433,
Celebrities: Walt Disney,5350,
Gigamic Classic,5309,
Tropical theme,5304,
Sports: Auto Racing,5294,
Timeline,5229,
Card Games: Adding Games,5197,
Fluxx Dice,5148,
Risk 2210 A.D. Frontline: Season One  Mars,5144,
Risk 2210 A.D. Frontline: Season Three  Factions,5144,
Mercenary Commander (fan expansion for Risk 2210 A.D.),5144,
Risk 2210 A.D. Frontline: Season Four  Invasion of the Giant Amoebas,5144,
Trivial Pursuit,5047,
Country: USA,5043,
Animals: Ducks,5030,
Talisman,5023,
Fluxx Promo Cards,5011,
One Thousand,4997,
Killer Bunnies and the Quest for the Magic Carrot,4953,
Super Sea Battle,4901,
Shedding Games,4900,
Country: Egypt,4895,
Animals: Foxes,4870,
Donald Duck Big Game Box,4815,
Scattergories Refill,4800,
Dungeons & Dragons,4671,
Apocalypse Pack,4625,
Ravensburger Kartenspiele,4617,
Pictionaussie,4571,
Reversi Barbacan,4548,
From RPG books to board games,4482,
Vampires,4473,
Animals: Mice,4428,
CMGs (Collectible Miniatures Games),4410,
Monopoly Deal,4395,
Monopoly Millionaire Deal Card Game,4395,
Lost Cities,4343,
Doom: The Boardgame Expansion Set,4311,
Country: England,4303,
Munchkin Tavern Reusable Tote,4239,
Fluxx,4236,
Killer Bunnies and the Quest for the Magic Carrot ORANGE Booster,4225,
Killer Bunnies and the Quest for the Magic Carrot GREEN Booster,4225,
Killer Bunnies and the Quest for the Magic Carrot Fan Deck,4225,
Killer Bunnies and the Quest for the Magic Carrot Perfectly PINK Booster,4225,
USA),4209,
Time Track,4204,
Monopoly,4152,
Animals: Bears,4090,
AEG: Pocket Game,4087,
Illuminati: Brainwash,4054,
Traditional Card Games,4036,
Phase 10,4029,
World of Warcraft: The Boardgame  BlizzCon Epic Armor Pack,4028,
World of Warcraft: The Boardgame  Shadow of War,4028,
World of Warcraft: The Boardgame  The Burning Crusade,4028,
Junta Expansion Cards,3984,
Monsters,3975,
The Jewel in the Crown,3953,
Talisman (second edition): White Dwarf #115 Cards,3953,
Magia i Miecz: Jaskinia,3953,
Talisman (second edition): Le Hraut Citadel #2 Cards,3953,
Abalone Extra Player Marbles,3946,
Illuminati: Bavarian Fire Drill,3932,
Illuminati: Mutual Assured Distraction,3932,
Illuminati: Unconstitutional! Promo Card,3932,
Animals: Chickens,3928,
10 Mighty Men,3860,
Fairy-Go-Round Domino Game,3858,
Domino Discovery Fractions,3858,
Short and Long Vowel Dominoes,3858,
Domatics,3858,
The Strategy Game,3778,
Munchkin,3766,
Aliens,3650,
Marble Games,3646,
Animals: Cats,3604,
Sequence,3603,
Steampunk,3583,
Timeline: 60 ans de tlvision  la RTBF,3563,
Timeline: Americana,3563,
Timeline: Discoveries,3563,
Timeline: American History,3563,
Die Steinmauer (Fan Expansion for Carcassonne: Die Jger und Sammler),3525,
Gigamic Basic,3500,
Cosmic Encounter: Expansion Set #1,3483,
Cosmic Encounter: Expansion Set #3,3483,
Cosmic Encounter: Expansion Set #2,3483,
Cosmic Encounter: Expansion Set #4,3483,
Quoridor Kid,3439,
Play Winning Card Games For Three,3435,
Apples to Apples,3420,
Pass the Pigs,3331,
Crayon Rail System,3297,
AEG: Big in Japan,3286,
Mission: Red Planet (Second Edition),3283,
Animals: Apes / Monkeys,3254,
Solitaire Wargames,3198,
Onirim (second edition),3157,
Animals: Fishes,3118,
Animals: Cattle,3104,
Skip-Bo,3088,
Rune Age: Oath and Anvil,3072,
Singing,3016,
Country: France,3012,
Time Travel,3008,
Tactical Combat in the Middle East: Part 1  Battlefield Iraq,3003,
Country: Germany,2999,
Catan Dice Game XXL Variant,2989,
Catan Dice Game Plus,2989,
Black Stories,2985,
Another Day,2984,
Risk: The Lord of the Rings Trilogy Edition,2963,
Revolution! Anarchy,2948,
New Characters (Fan Expansion for Revolution),2948,
Revolution! The Palace,2948,
Country: China,2944,
Gryphon Games bookshelf series,2920,
Animals: Dogs,2906,
Bohnanza,2901,
Components: Miniatures,2899,
Age of Kings,2870,
Lost Legacy: The Qualities of an Adventurer,2817,
Dungeoneer,2813,
Age of Mythology: The Boardgame  5-6 Player Expansion,2806,
Blue Games Series,2791,
Catan Scenarios: Helpers of Catan,2789,
Mensch rgere Dich nicht: ...noch mehr rgern  Kartenerweiterung Blau,2775,
Mensch rgere Dich nicht: ...noch mehr rgern  Kartenerweiterung Rot,2775,
rger Dich schwarz!,2775,
Karchis,2775,
Bootleggers: Thug Promo,2754,
Bootleggers: The Boardwalk,2726,
Ogre Scenario Book 1,2724,
Ogre Reinforcement Pack,2724,
The Ogre Book,2724,
Ogre Battlefields,2724,
Ligretto,2712,
Finger Flicking Games,2703,
Agricola,2675,
Ticket to Ride,2655,
Holidays: Christmas,2652,
Ghosts,2645,
Clix,2625,
The Legend of King Arthur and the Knights of the Round Table,2587,
Country: Lebanon,2582,
3M Bookshelf Series,2555,
DungeonQuest Revised Edition,2547,
Small World,2538,
Country: Netherlands,2538,
Tannhuser: Daedalus,2533,
Tannhuser Revised Edition Rulebook,2533,
Tannhuser: Edison,2533,
Tannhuser: Asteros,2533,
Small World Underground,2531,
Nuclear War: Fold in Space,2518,
Nuclear War Booster Packs,2518,
Queen Small Box,2429,
Animals: Sheep,2425,
Sports: Horse Racing,2421,
Dictionary Games,2418,
Chez Geek,2401,
Ninja,2379,
Panic Station: Parasite Control,2358,
Panic Station: Survival Kit Mini Expansion,2358,
Country: Spain,2357,
Munchkin Promo Cards,2353,
Nuclear War Bonus Pack #1,2350,
Nuclear War Bonus Pack #2: Expansion to India Rails and Nuclear War,2350,
Drakon (fourth edition),2339,
Alhambra,2338,
Zooloretto,2337,
Illuminati Expansion Set 3,2331,
Gloom,2322,
Werewolf / Mafia,2297,
Ystari originals,2289,
4X games,2274,
Animals: Frogs,2269,
Cities: Venice,2260,
Epic Dungeoneer: Call of the Lich Lord,2255,
Bratz,2230,
Cities: London,2217,
Country: Poland,2216,
Flowers,2216,
Kidz Cardz 4 Favorite Card Games,2202,
Es luft die Zeit... wir laufen mit!,2201,
Quarriors!,2191,
Martian Tic-Tac-Toe,2191,
Sports: Combat Sports / Martial Arts,2153,
We Didn't Playtest This Either with Blue Deck and Dice Are Fun Expansions,2151,
Illuminati Expansion Set 2,2149,
Illuminati Expansion Set 1,2149,
European Illuminati,2149,
Wars of the Roses,2146,
Khet: Eye of Horus Beam Splitter,2141,
Khet 3D: Tower of Kadesh,2141,
Drakborgen II,2134,
Dungeonquest: Catacombs,2134,
Queen Yellow Wave Box Series,2134,
Empire Builder Rail Games,2134,
Heroes for Dungeonquest,2134,
Animals: Turkeys,2123,
Games by the Game Artisans of Canada,2117,
Anime & Manga,2101,
The Awful Green Things From Outer Space: The Obnoxious Orange Things From Another Place,2098,
Outside the Znutar,2098,
3M Gamettes,2097,
Eastern Front (unofficial expansion for Axis & Allies: Europe),2097,
Max's Advanced Rules for Axis and Allies: Europe,2097,
Italy,2097,
Immortal Eyes Games Collection,2095,
Hip Pocket Games,2084,
Archeology,2070,
Movies: Shrek,2069,
Operation,2069,
IELLO: Mini Games,2067,
Tsuro of the Seas: Veterans of the Seas,2066,
WarCraft: The Board Game Expansion Set,2055,
On the Underground: Paris,2050,
Tokyo (Fan Expansion for On the Underground),2050,
Quiddler Junior,2037,
Animals: Crows,2035,
Country: Turkey,2021,
Vikings,2008,
Fortress America,1993,
Drumond Park MiniGames,1975,
Balderdash,1975,
Global warming,1969,
Star Trek,1949,
Drachenfaust: Der Illusionist,1890,
Warhammer 40,000 Codex,1886
Warhammer 40,000 Cities of Death,1886
Die Rckkehr der Helden: Die Gralssuche,1878,
Zombie Dice,1870,
LEGO Games,1867,
Bling Bling Gemstone,1863,
Sid Sackson Signature Series,1849,
7 Wonders,1844,
CV: Gossip,1818,
CV: Promo Cards,1818,
The King Is Dead,1817,
Ravensburger Traveller Series,1814,
PitchCar,1813,
Okko,1797,
Byzantium,1789,
Country: Portugal,1788,
Pan tu nie sta! Demoludy,1781,
Cranium,1779,
Space Crusade: Mission Dreadnought,1778,
Space Crusade: Eldar Attack,1778,
"Pick Them Up"" Games, 1769
Smash Up, 1768
Ticket to Ride: Europe, 1768
Ticket to Ride: Mrklin, 1768
Movies: The Walking Dead, 1747
Mutant Chronicles, 1717
Country: Russia, 1715
Resident Evil Deck Building Game: Albert Wesker GenCon Promo, 1710
Resident Evil Deck Building Game: Ada Wong Foil Promo, 1710
Resident Evil Deck Building Game: Alyssa Ashcroft Promo, 1710
Mouse Trap, 1710
Resident Evil Deck Building Game: Albert Wesker Foil Promo, 1710
Superheroes, 1710
Axis & Allies, 1701
The Red Dragon Inn: Allies  Cormac the Mighty, 1692
The Red Dragon Inn: Allies  Brother Bastian, 1692
The Red Dragon Inn: Allies  Erin the Ever-Changing, 1692
The Red Dragon Inn: Allies  Halden the Unhinged, 1692
Postcard Box Games, 1691
City of Horror: Director's Cut, 1680
Lifeboat Expansion #2: Liquid Courage, 1680
Lifeboat Expansion #3: Weather Deck, 1680
Lifeboat Expansion #1: Cannibalism, 1680
City of Horror: Lawn Mower, 1680
Metagaming Microgames series, 1677
Animals: Penguins, 1671
TMG Originals, 1670
Evolution, 1669
Das Millionenspiel, 1665
Risiko, 1665
Spa am Erfolg: Karriere, 1665
Cities: Colditz, 1664
Animals: Elephants, 1661
Prophecy: Dragon Realm, 1649
Prophecy: Water Realm, 1649
Munchkin Official Shirts, 1640
Milton Bradley Big Deal, 1638
Rack-O, 1638
Confrontation, 1635
Bible Games, 1629
Santa Fe, 1626
Puzzle Strike Promo Chips, 1620
Puzzle Strike Upgrade Pack, 1620
Rise of the Daimyo (fan expansion for Age of War), 1618
Frag Gold Edition: FTW, 1613
Frag Miniatures, 1613
Frag Fire Zone, 1613
Frag Death Match, 1613
Arctic Theme, 1612
Cities: Amsterdam, 1606
Sylla: Caveant Consules, 1601
Lost Valley: The Yukon Goldrush 1896, 1600
Sports: Football / Soccer, 1594
Fantasy Sports, 1594
Flotte Flitzer, 1592
Harbour: Launch Promo Characters, 1580
Harbour: Market Owner, 1580
Car Wars, 1566
Star Wars: Attack of the Clones Card Game, 1564
Munchkin Dungeon: Warehouse 23, 1562
Munchkin Cthulhu Dice of Doom, 1561
World of Warcraft: The Adventure Game  Brandon Lightstone Character Pack, 1558
World of Warcraft: The Adventure Game  Artumnis Moondream Character Pack, 1558
World of Warcraft: The Adventure Game  Brebo Bigshot Character Pack, 1558
World of Warcraft: The Adventure Game  Dongon Swiftblade Character Pack, 1558
Relic: Halls of Terra, 1557
Relic: Nemesis, 1557
Admin: Unreleased Games, 1556
Infinite City: Guild Hall and Salvage Yard, 1553
Space Dealer: All-Zeit, 1547
Magazine: Vae Victis, 1543
Country: Sweden, 1538
Bid Euchre, 1530
Heroscape Master Set:  Battle for the Underdark, 1524
Heroscape Master Set: Swarm of the Marro, 1524
Heroscape Master Set: Rise of the Valkyrie, 1524
Samurai Sword: Rikyu, 1522
Samurai Sword: Rising Sun, 1522
Gem Dealer, 1509
Cheapass Zombie Series, 1506
Mayfair Games Limited Edition Promo Expansion Set #4, 1496
Animals: Wolves, 1496
Elk Fest: Log Jam! Expansion, 1496
Circus, 1489
Battle Masters: Chaos Warband, 1487
Battle Masters: Imperial Lords, 1487
Dominoes, 1483
LUDO, 1479
Target for Today, 1473
+6 Bag O' Munchkin Zombies, 1471
221b Baker Street: The Master Detective Game  Set #4, 1469
221b Baker Street: The Master Detective Game  Set #5, 1469
221b Baker Street: The Master Detective Game  Set #2, 1469
221b Baker Street: The Master Detective Game  Set #3, 1469
Wiz-War: Expansion Set, 1457
Wiz-War: Expansion Set #2, 1457
Animals: Rabbits, 1449
De Cape & d'pe: La mission secrte, 1448
Lord of the Rings, 1447
Country: Scotland, 1445
Schmidt Spiele Easy Play Line, 1443
World War 2: Battle of the Bulge, 1441
Anima: Shadow of Omega, 1429
Warhammer 40,000 Board Games, 1426
Naval Battles, 1425
Runebound: Shadows of Margath (First Edition), 1419
Dr. Seuss: 3 Terrific Card Games!, 1413
Quelf Jr., 1406
Quelf Card Game, 1406
Minotaur Lords, 1399
Beer, 1398
HABA Game in a Tin series, 1395
Block wargames, 1391
Campaign Games, 1377
B-Movies, 1371
Beginning Sounds 3-in-a-Row Game, 1365
Bilby Buddies, 1365
Tri-Ominos, 1365
Bibelbingo & Bibelmemory, 1365
Lucy Hammett's Fishing Bingo, 1365
TV Series: Dora the Explorer, 1356
Schmidt Spiele Classic Line, 1353
Oceanian Theme, 1351
The Realms of Terrinoth, 1350
Valley Games Modern Line, 1348
Tilsit Collection, 1345
Talisman  (third edition): Lost Characters, 1343
Samurai Spirit: The 8th Boss, 1342
Runebound, 1331
Runebound (Second Edition), 1329
Talisman (third edition): City of Adventure, 1324
Talisman (third edition): Dragon's Tower, 1324
Talisman (third edition): Dungeon of Doom, 1324
Outburst, 1321
Fluxx: BoardGameGeek Expansion, 1318
HABA Mitbringspiele series, 1314
Dejarik, 1310
The Mind Game, 1308
Iron Dragon Extensions, 1302
Polish Legions, 1299
Wargamer's Guide to Panzerblitz, 1299
Tactical GameX, 1299
Boxcars, 1294
Anima: The Twilight of the Gods, 1293
Kingdoms, 1279
California: Neue Bonuskarten, 1276
Warcraft, 1271
Bodgers, 1269
Goldsieber  la Carte, 1268
Night Eternal: The Game, 1264
Three-Dragon Ante: Emperor's Gambit, 1264
California: Bonuskarten Katalog Edition 7, 1263
Die California Extrakarte, 1263
Cities: Bruges, 1260
Sports: Aerial Racing, 1254
Aquarius: Dragon, 1253
Dungeon Roll, 1242
Panzergruppe Guderian System, 1239
Pantheon: Neue Untermieter, 1237
Country: Brazil, 1237
Tempest: Shared World, 1233
Dust, 1228
Animals: Sharks, 1225
Firefighting, 1224
Cadwallon: City of Thieves  Run for Your Life!, 1217
Cadwallon: City of Thieves  Cry Havoc!, 1217
Cadwallon: City of Thieves  A Gamble in the Dark, 1217
Cadwallon: City of Thieves  Magic, 1217
Ravensburger Labyrinth Games, 1215
Fantasy Flight Games Toys, 1212
Spielbox, 1206
Panzer Leader 1940, 1206
Para-Leader, 1206
Panzer Leader: For King and Country, 1206
Mundus Novus Promo Cards, 1204
Mundus Novus: Vers de Nouveaux Horizons, 1204
Falling 2014, 1202
Catan: Traveler  Compact Edition, 1200
Alhambra: Big Box Special Edition, 1186
Munchkin Tavern Shot Glass, 1185
Council of Verona: Poison Expansion, 1177
Magazine: Ares, 1175
Discworld Games, 1171
Ninja Burger 2: Sumo-Size Me!, 1171
Card Fishing, 1171
Project GIPF, 1168
Advanced Wizard's Quest (fan expansion for Wizard's Quest), 1162
Goblins, 1159
Alcatraz: The Scapegoat  Wrong Plan, 1156
Filosofia Reprints, 1156
Star Trek: Expeditions  Expansion Set, 1143
Star Trek: Expeditions  Tribbles! Promo, 1143
Country: Finland, 1141
Scene It? Warner Brothers 50th Anniversary, 1137
Scene It? Sequel Pack 1, 1137
Eaten By Zombies!: Weapons of Mass Destruction, 1132
Anima: Beyond Good and Evil, 1130
6th player expansion (fan expansion for Constantinopolis), 1129
Supremacy 2020, 1129
Cities: Chicago (Illinois, 1128
Catan Histories, 1128
Characters: Robin Hood, 1127
Mystery Rummy, 1127
Creationary: Booster Pack, 1122
3M Sports Games, 1121
Germany), 1120
Stellar Conflict, 1117
Cities: Augsburg (Bavaria, 1116
Exploding Kittens: NSFW Deck, 1115
Risk & Castle Risk, 1113
Monkey Business, 1106
Council of Verona: Corruption, 1106
Star Wars Galactic Dice Game, 1104
Card Games: Exchange Games, 1103
Evolution: Continents, 1095
Evolution: Variation Mini-Expansion, 1095
Evolution: Time to Fly, 1095
Ewolucja: Pochodzenie gatunkw  Rozszerzenie, 1095
Freitag-Project, 1095
Magazine: Wargamer, 1094
Alcatraz: The Scapegoat  Maximum Security, 1084
RRR, 1083
Spiele fr viele, 1082
The Cave: Additional Cave Tiles, 1082
Doctor Lucky, 1077
Ticket to Ride: Nordic Countries, 1073
Ascension: Deckbuilding Game, 1068
Pandemic, 1066
Chrononauts, 1064
Anno 1503: Aristokraten und Piraten, 1056
Compounded: Geiger Expansion, 1055
Compounded: Chemical Chaos, 1055
Compounded: Methamphetamine, 1055
Waagemut, 1053
Survive: Escape from Atlantis!, 1050
Heroica: Ganrash, 1044
Heroica: Promo Cards, 1044
Heroica: Character Cards, 1044
BoardGameGeek Promo Offerings, 1044
Scrabble Slam! (2-6p), 1044
Harry Potter, 1043
Igel rgern + Tante Tarantel, 1042
Animals: Horses, 1036
Wizard Kings: Expansion Armies, 1032
Wizard Kings: Expansion Maps, 1032
Britannia game-system, 1031
Animals: Ants, 1031
Cities: Warsaw, 1026
1313 Dead End Drive, 1021
Warhammer 40,000: Apocalypse, 1020
Wine Games, 1018
Dork Tower, 1015
Dwarfs and Dungeonbowl, 1013
Blood Bowl Companion, 1013
Blood Bowl (Second Edition): Elves, 1013
Blood Bowl Star Players, 1013
Ground Floor, 1008
Order of the Stick Adventure Game: Zombie Gamers card, 1004
Order of the Stick Adventure Game: The Shortening, 1004
Order of the Stick Adventure Game: Sticky Shticks, 1004
Order of the Stick Adventure Game: The Linear Guild, 1004
Tanto Cuore: Promo Card Set #1, 1002
",,
